epoch,loss
1,1.1943154335021973
2,1.1841652989387512
3,1.1787938475608826
4,1.1748800873756409
