{
  "framework_info": {
    "name": "IANVS PIPL Privacy-Preserving Cloud-Edge Collaborative Prompt Processing Framework",
    "version": "1.0.0",
    "compliance": "PIPL-Compliant",
    "export_time": "2025-10-30T00:06:47.921504"
  },
  "test_summary": {
    "total_test_cases": 6,
    "total_test_results": 6,
    "successful_tests": 6,
    "failed_tests": 0
  },
  "performance_analysis": {
    "average_accuracy": 0.9098530239643902,
    "average_privacy_score": 0.8868789006139108,
    "average_compliance_rate": 0.943217455921412,
    "average_throughput": 98.80993921918503,
    "average_latency": 0.2695195311019672
  },
  "privacy_analysis": {
    "average_pii_detection_rate": 0.9324823778948078,
    "average_privacy_protection_rate": 0.8908854348187333,
    "average_privacy_budget_usage": 0.6824082321676411,
    "total_compliance_violations": 0
  },
  "rankings": {
    "all_rank": [
      {
        "algorithm": "Qwen2.5-7B-Edge_chnsenticorp_test",
        "paradigm": "jointinference",
        "accuracy": 0.9268794312978204,
        "privacy_score": 0.8937496700801681,
        "compliance_rate": 0.9032717630055263,
        "throughput": 84.02370260085657,
        "latency": 0.2470947511543975,
        "privacy_budget_usage": 0.649561402584697,
        "pii_detection_rate": 0.9111114870242905,
        "privacy_protection_rate": 0.8676857561438118,
        "time": 0.0,
        "url": "test_5"
      },
      {
        "algorithm": "Qwen2.5-7B-Cloud_chnsenticorp_train",
        "paradigm": "jointinference",
        "accuracy": 0.9230974299089674,
        "privacy_score": 0.8880802348712015,
        "compliance_rate": 0.9865706535240643,
        "throughput": 106.91191298748194,
        "latency": 0.28134944885115565,
        "privacy_budget_usage": 0.6076780327253672,
        "pii_detection_rate": 0.92250291918638,
        "privacy_protection_rate": 0.9247722762276407,
        "time": 0.6,
        "url": "test_2"
      },
      {
        "algorithm": "Qwen2.5-7B-Cloud_chnsenticorp_test",
        "paradigm": "jointinference",
        "accuracy": 0.9114739960329458,
        "privacy_score": 0.9337813569065455,
        "compliance_rate": 0.9623186690415887,
        "throughput": 100.67917767940696,
        "latency": 0.3613928660488235,
        "privacy_budget_usage": 0.6624649045707703,
        "pii_detection_rate": 0.9641529862221412,
        "privacy_protection_rate": 0.9265330130376622,
        "time": 0.0,
        "url": "test_6"
      },
      {
        "algorithm": "Qwen2.5-7B-Cloud_chnsenticorp_val",
        "paradigm": "jointinference",
        "accuracy": 0.907839429072987,
        "privacy_score": 0.9286425335977773,
        "compliance_rate": 0.9729699550947508,
        "throughput": 84.12515130967607,
        "latency": 0.12439984093065273,
        "privacy_budget_usage": 0.6804773907936518,
        "pii_detection_rate": 0.9158685768274869,
        "privacy_protection_rate": 0.8872104024585583,
        "time": 0.0,
        "url": "test_4"
      },
      {
        "algorithm": "Qwen2.5-7B-Edge_chnsenticorp_val",
        "paradigm": "jointinference",
        "accuracy": 0.8986100502965155,
        "privacy_score": 0.8663691310905025,
        "compliance_rate": 0.9326362161308268,
        "throughput": 112.80820432661389,
        "latency": 0.1072235386715566,
        "privacy_budget_usage": 0.6761753698369519,
        "pii_detection_rate": 0.9233873652830048,
        "privacy_protection_rate": 0.868522302732043,
        "time": 0.4,
        "url": "test_3"
      },
      {
        "algorithm": "Qwen2.5-7B-Edge_chnsenticorp_train",
        "paradigm": "jointinference",
        "accuracy": 0.8912178071771047,
        "privacy_score": 0.8106504771372698,
        "compliance_rate": 0.9015374787317154,
        "throughput": 104.31148641107477,
        "latency": 0.49565674095521717,
        "privacy_budget_usage": 0.8180922924944085,
        "pii_detection_rate": 0.957870932825543,
        "privacy_protection_rate": 0.8705888583126828,
        "time": 0.5,
        "url": "test_1"
      }
    ],
    "selected_rank": [
      {
        "algorithm": "Qwen2.5-7B-Edge_chnsenticorp_test",
        "paradigm": "jointinference",
        "accuracy": 0.9268794312978204,
        "privacy_score": 0.8937496700801681,
        "compliance_rate": 0.9032717630055263,
        "throughput": 84.02370260085657,
        "latency": 0.2470947511543975,
        "privacy_budget_usage": 0.649561402584697,
        "pii_detection_rate": 0.9111114870242905,
        "privacy_protection_rate": 0.8676857561438118,
        "time": 0.0,
        "url": "test_5"
      },
      {
        "algorithm": "Qwen2.5-7B-Cloud_chnsenticorp_train",
        "paradigm": "jointinference",
        "accuracy": 0.9230974299089674,
        "privacy_score": 0.8880802348712015,
        "compliance_rate": 0.9865706535240643,
        "throughput": 106.91191298748194,
        "latency": 0.28134944885115565,
        "privacy_budget_usage": 0.6076780327253672,
        "pii_detection_rate": 0.92250291918638,
        "privacy_protection_rate": 0.9247722762276407,
        "time": 0.6,
        "url": "test_2"
      },
      {
        "algorithm": "Qwen2.5-7B-Cloud_chnsenticorp_test",
        "paradigm": "jointinference",
        "accuracy": 0.9114739960329458,
        "privacy_score": 0.9337813569065455,
        "compliance_rate": 0.9623186690415887,
        "throughput": 100.67917767940696,
        "latency": 0.3613928660488235,
        "privacy_budget_usage": 0.6624649045707703,
        "pii_detection_rate": 0.9641529862221412,
        "privacy_protection_rate": 0.9265330130376622,
        "time": 0.0,
        "url": "test_6"
      },
      {
        "algorithm": "Qwen2.5-7B-Cloud_chnsenticorp_val",
        "paradigm": "jointinference",
        "accuracy": 0.907839429072987,
        "privacy_score": 0.9286425335977773,
        "compliance_rate": 0.9729699550947508,
        "throughput": 84.12515130967607,
        "latency": 0.12439984093065273,
        "privacy_budget_usage": 0.6804773907936518,
        "pii_detection_rate": 0.9158685768274869,
        "privacy_protection_rate": 0.8872104024585583,
        "time": 0.0,
        "url": "test_4"
      },
      {
        "algorithm": "Qwen2.5-7B-Edge_chnsenticorp_val",
        "paradigm": "jointinference",
        "accuracy": 0.8986100502965155,
        "privacy_score": 0.8663691310905025,
        "compliance_rate": 0.9326362161308268,
        "throughput": 112.80820432661389,
        "latency": 0.1072235386715566,
        "privacy_budget_usage": 0.6761753698369519,
        "pii_detection_rate": 0.9233873652830048,
        "privacy_protection_rate": 0.868522302732043,
        "time": 0.4,
        "url": "test_3"
      },
      {
        "algorithm": "Qwen2.5-7B-Edge_chnsenticorp_train",
        "paradigm": "jointinference",
        "accuracy": 0.8912178071771047,
        "privacy_score": 0.8106504771372698,
        "compliance_rate": 0.9015374787317154,
        "throughput": 104.31148641107477,
        "latency": 0.49565674095521717,
        "privacy_budget_usage": 0.8180922924944085,
        "pii_detection_rate": 0.957870932825543,
        "privacy_protection_rate": 0.8705888583126828,
        "time": 0.5,
        "url": "test_1"
      }
    ]
  },
  "visualization_files": {
    "comprehensive_analysis": ".\\results\\visualization\\comprehensive_analysis.png"
  },
  "test_cases": [
    {
      "algorithm": "Qwen2.5-7B-Edge_chnsenticorp_train",
      "paradigm": "jointinference",
      "modules": {
        "edge_model": {
          "name": "Qwen2.5-7B-Edge",
          "type": "edge_model",
          "quantization": "4bit",
          "optimization": "unsloth"
        },
        "cloud_model": {
          "name": "Qwen2.5-7B-Edge_cloud",
          "type": "cloud_model",
          "quantization": "8bit",
          "optimization": "unsloth"
        }
      },
      "hyperparameters": {
        "privacy_budget": 1.2,
        "epsilon": 1.2,
        "delta": 1e-05,